,Genotype,Count,Frequency
0,TTCGCCCCTGCCCTTGTTCCAACGCGTCGCTGGGGGCCAGGTGC,130,0.13
1,TTTGCTCCCGCTCTCACTCCAGCTCGTCGTTGGGGGCTAGGTGC,88,0.088
2,TTTGCTCCCGCTCTCACTCCAGCTCGTCGTTGGGGGXTAGXXXX,72,0.072
3,TTTGCTCCCGCTCTCACTCCAGCTCGTCGTTGGGGACTAGGTGC,59,0.059
4,TTTGCTCCCGCTCTCACTCCAGCTCGTCGTTGGGGGCTAGXXXX,42,0.042
5,TTCGCCCCCGCCCTCACTCCAACGCGTCGTTGGGGGCCAGGTGC,35,0.035
6,TTTGCTCCCGTTCTCACTCTAGCTCGTCGTTGGGAGXTAGXXXX,23,0.023
7,TTCGTTCCCGCTCTCACTCCAGCTCGTCGTTGGGGGCTAGGTGC,23,0.023
8,TTCGCTCCCGCTCTCACTTCAGCTCGTCGTTGGGGGCTAGGTGC,23,0.023
9,TTCGCCCCCGCCCTCACTCCAACGTGTCGTTGGGGGCCAGGTGC,22,0.022
10,TTCGCTCCCGCTCTCACTCCAGCGCGTCGTTAACGGCTAGGTGC,19,0.019
11,TTTGCTCCCGCTCTCACTCCAGCTCGTCGTTGGGGACTAGGXXX,18,0.018
12,TTTGCCCCCGCTCTCACTCCAGCTCGTCGTTGGGGGCTAGGTGC,18,0.018
13,ATCGCCTCTGCCCTCACCCCAATGCGCCCCTGGGGGCCGGGTGC,16,0.016
14,TTCGCCCCTGCCCTTGTTCCAACGCGTCGCTGGGGGCCAGGXXX,16,0.016
15,TTCGCCCCTGCCCTTGTTCCAACGCGTCGCTGGGGGXCAGGTGC,14,0.014
16,TTCGCTCCCGCTCTCACTCCAGCGCGTCGTTGGGGGCTAGGTGC,14,0.014
17,TTCGCCCCTGCCCTTGTTCCAACGCGTCGCTGGGGGXCAGXXXX,13,0.013
18,TCTGCTCCCGCTCTCACTCCAGCTCGTTGTTGGGGGCTAGGTGC,13,0.013
19,TTCGCCCCTGCCCTTGTTCCAACGCGTCGCTGGGGGCCAGXXXX,11,0.011
20,TTTGCTCCCGCTCTCACTCCAGCTCGTTGTTGGGGGCTAGGTGC,11,0.011
21,TTTGCTCCCGCTCTCACTCCAGCTCGTCGTTGGGGGCTAGGXXX,11,0.011
22,TTCGCCCCTGCCCTTGTTCCAACGCGTCGCTGGGGGXCAGGXXX,10,0.01
23,TTCGCTCCCGCTCTCACTTCAGCTCGTCGTTGGGGGXTAGXXXX,8,0.008
24,TCTGCTCCCGCTCTCACTCCAGCTCGTTGTTGGGGGCTAGXXXX,7,0.007
25,TTCGCCCCTGCCCTTGTTCCAACGCGTCGCTGGGGGCCAGGTGX,7,0.007
26,TTTGCTCCCGCTCTCACTCCAGCTCGTCGTTGGGGGTTAGXXXX,7,0.007
27,TTCGCTCCCGCTCTCACTCCAGCGCGTCGTTGGGGGCTAGXXXX,7,0.007
28,TTCGCTCCCGCTCTCACTCCAGCGCGTCGTTAACGGXTAGXXXX,7,0.007
29,TTCGCCCCCTCCTCCACTCCAACGCTTCGTTGGGGGCCAGGTGC,6,0.006
30,TTTGCTCCCGCTCTCACTCCAGCTCGTCGTTGGGGAXTAGXXXX,6,0.006
31,TTCGCTCCCGCTCTCACTCCGGCGCGTCGTTGGGGGCTAGGTGC,6,0.006
32,TTTGCTCCCGCTCTCACTCCAGCTCGTCGTTGGGGGXTAGGTGC,5,0.005
33,TTTGCTCCCGCTCTCACTCCAGCTCGTCGTTGGGGAXTAGGTGC,5,0.005
34,TTTGCCCCCGTTCTCACTCTAGCTCGTCGTTGGGAGCTAGGTGC,5,0.005
35,TTTGCTCCCGTTCTCACTCTAGCTCGTCGTTGGGAGCTAGGTGC,5,0.005
36,TCTGCTCCCGCTCTCACTCCAGCTCGTTGTTGGGGGCTAGAAAA,4,0.004
37,TTCGCTCCCGCTCTCACTCCAGCGCGTCGTTGGGGGXTAGXXXX,4,0.004
38,TTCGCCCCCTCCTTCACTCCAACGCTTCGTTGGGGGCCAGGTGC,4,0.004
39,TTTGCTCCCGCTCTCACTCCAGCTCGTCGTTGGGGACTAGXXXX,4,0.004
40,TTCGCCCCCTCCCTCACTCCAACGCGTCGTTGGGGGCCAGGTGC,4,0.004
41,TTCGCCCCTGCCCTCATTCCAACGCGTCGCTGGGGGCCAGGTGC,4,0.004
42,TTCGCCCCTGCCCTTGTTCCAACGCGTCGCTGGGGGXCAGGAAA,4,0.004
43,TTTGCTCTCGCTCTCACTCCAGCTCGTCGTTGGGGGCTAGGTGC,4,0.004
44,TTTGCTCCCGTTCTCACTCCAGCTCGTCGTTGGGGGXTAGXXXX,4,0.004
45,TTTGCTCCCGCTCTCACTCCAGCTCGTCGTTGGGGGCTAGAAAA,4,0.004
46,TTCGCTCCCGCTCTCACTCCAGCGCGTCGTTAACGGCTAGXXXX,4,0.004
47,TTTGCTCCCGCTCTCACTCCAGCTCGTTGTTGGGGGXTAGGTGC,3,0.003
48,TTTGCTCCCGCTCTCACTCCAGCTCGTCGTTGGGGACTAGAAAA,3,0.003
49,TTCGCCCCCGCCTCCACTCCAACGCTTCGTTGGGGGCCAGGTGC,3,0.003
50,TTCGCCCCTGCCCTTGTTCCAACGCGTCGCTGGGGGCCAGGTGA,3,0.003
51,TTTGCTCCCGCTCTCACTCCAGCTCGTCGTTGGGGGCTAGGTXX,3,0.003
52,ATCGCCTTTGCCCTCACCCCAATGCGCCCCTGGGGGCCGGGTGC,3,0.003
53,TTCGCCCCCTCCTCCACTCCAACGCTTCGTTGGGGGXCAGXXXX,3,0.003
54,TTCGTTCCCGCTCTCACTCCAGCTCGTCGTTGGGGGCTAXGTGC,3,0.003
55,TTCGCCCCCTCCTTCACTCCAACGCTTCGTTGGGGGXCAGXXXX,3,0.003
56,ATCGCCTCTGCCCTCACCCCAATGCGCCCCTGGGGGCCGGXXXX,3,0.003
57,TTCGCCCCTGCCCTTGTTCCAACGCGTCGCTGGGGGCCAGGAAA,2,0.002
58,TTTGCTCCCGCTCTCACTCCAGCTCGTCGTTGGGGACTAGGTGX,2,0.002
59,TTCGCCCCTGCCTTCACTCCAACGCGTCGCTGGGGGXCAGXXXX,2,0.002
60,TTTGCTCCCGCTCTCACTCCAGCTCGTTGTTGGGGGXTAGXXXX,2,0.002
61,TTCGCCCCCTCCTCCACTCCAACGCTTCGTTGGGGGTCAGXXXX,2,0.002
62,TTTGCTCCCTCTCTCACTCCAGCTCGTCGTTGGGGGXTAGXXXX,2,0.002
63,TTTGCTCCCGCTCTCACTCCAGCTCGTCGTTGGGGGCTAGGTGA,2,0.002
64,TCTGCTCCCGCTCTCACTCCAGCTCGTTGTTGGGGGCTAGGXXX,2,0.002
65,TTCGCCCCTGCCCTCACTCCAACGCGTCGCTGGGGGCCAAGTGC,2,0.002
66,TTCGCTCCCGCTCTCACTCCAGCTCGTCGTTGGGGGXTAGXXXX,2,0.002
67,TTCGCCCCTGCCCTCACTCCAACGCGTCGCTGGGGGXCAGXXXX,2,0.002
68,TTTGCTCCCGCTCTCACTCCAGCTCGTCGTTGGGGGXXAGXXXX,2,0.002
69,TCTGCTCCCGCTCTCACTCCAGCTCGTTGTTGGGGGCTAGGAAA,2,0.002
70,TTCGCCCCCTCCTCCACTCCAACGCTTCGTTGGGGGCCAGXXXX,2,0.002
71,TTTGCTCTCGCTCTCACTCCAGCTCGTCGTTGGGGGCTAGGXXX,2,0.002
72,TTCGTTCCCGCTCTCACTCCAGCTCGTCGTTGGGGGCTAGGXXX,2,0.002
73,TTCGCTCCCGCTCTCACTCCAGCTCGTCGTTGGGGGCTAGGTGC,2,0.002
74,TTCGCTCCCGCTCTCACTCCAGCGCGTCGTTAACGGCTAGGXXX,2,0.002
75,TTCGCCCCTGCCCTTGTTCCAACGCGTCGCTGGGGGCCAGGTXX,2,0.002
76,TTTGCTCCCGTTCTCACTCCAGCTCGTCGTTGGGGGCTAGGTGC,2,0.002
77,TTCGCCCCCGCCCTCACTCCAACGCGTCGTTGGGGGCCAGXXXX,2,0.002
78,TTTGCTCCCGCTCTCACTCCAGCTCGTCGTTGGGGGCTAGGAAA,2,0.002
79,TTCGCCCCTGCCCTXGTTCCAACGCGTCGCTGGGGGCCAGXXXX,2,0.002
80,TTCGTTCCCGCTCTCACTCCAGCTCGTCGTTGGGGGCTAGGTGA,2,0.002
81,TTTGCTCCCGCTCTCACTCCAGCTCGTCTTTGGGGGXTAGXXXX,2,0.002
82,TTTGCTCCCGCTCTCACTCCAGCTCGTCGTTGGGGGATAGXXXX,2,0.002
83,XTCGCCXCXGCCCTCACTCCAAXGCGXCXXTGGGGGCCAGGTGC,1,0.001
84,TTCGCCCCCGCTCTCACTCCGGCGCGTCGTTGGGGGCTAGGTGC,1,0.001
85,TTTGCTCCCGCTCTCACTCCAGCTCGTCGTTGGGGACTAGGXAT,1,0.001
86,TTCGCCCCTGCCCTCACTCCAATGCGCCCCTGGGGGCCAGGTGC,1,0.001
87,TCTGCTCCCGCTCTCACTCCAGCTCGTTGTTGGGGGCTAGGTXX,1,0.001
88,TTCGCCCCTGCCCTCACTCCAACGCGTCGCTGGGGGCCAAXXXX,1,0.001
89,TTCGCTCCCGCTCTCACTCCGGCGCGTCGTTGGGGGXTAGXXXX,1,0.001
90,TTCGCTCCCGCTCTCACTTCAGCTCGTCGTTGGGGGCTAGAAAA,1,0.001
91,TTTGCTCCCGCTCTCACTCCAGCTCGTCGTTGGGGGCTAGGXXA,1,0.001
92,TTCGCCCCTGCCCTTGTTCCAACGCGTCGCTGGGGGXXAGGTGC,1,0.001
93,TTTGCTCCCGTTCTCACTCTAGCTCGTCGTTGGGAGCTAGXXXX,1,0.001
94,TTCGCCCCCTCCTTCACTCCAACGCTTCGTTGGGGGCCAGAAAA,1,0.001
95,TTCGCCCCTGCCCTTGTTCCAACGCGTCGCTGGGGGXCGGXXXX,1,0.001
96,TTTGCTCTCGCTCTCACTCCAGCTCGTCGTTGGGGGCTAGGAAA,1,0.001
97,TTCGCCCCTGCCCTTGCTCCAACGCGTCGCTGGGGGCCAGGTGC,1,0.001
98,TTCGCTCCCGCTCTCACTCCAGCGCGTCGTTGGGGGCTAGGTGA,1,0.001
99,TTCGCCCCTGCCCTCATTCCAACGCGTCGCTGGGGGCCAGGXXX,1,0.001
100,TTTGCTCCCGCTCTCACTCCAGCTCGTTGTTGGGGGCTAGXXXX,1,0.001
101,TTCGCCCCCTCCTCCACTCCAACGCTTCGTTGGGGGCCAGAAAA,1,0.001
102,TTTGCTCCCGCTCTCACTCCAGCTCGTCGTTGGGGAXXAGGXXX,1,0.001
103,TTCACCCCCTCCCTCACTCCAACGCGTCGTCGGGGGXCATXXXX,1,0.001
104,TTCGCTCCCGCTCTCACTTCAGCTCGTCGTTGGGGGXTAGXAAC,1,0.001
105,ATCGCCTTTGCCCTCACCCCAATGCGCCCCTGGGGGCCGGXXXX,1,0.001
106,TTCGCCCCCTCCCTCACTCCAACGCGTCGTTGGGGGXCAGXXXX,1,0.001
107,TTCGCCCCCTCCTTCACTCCAACGCTTCGTTGGGGGCCAGGXXX,1,0.001
108,TTCGCTCCCGCTCTCACTCCGGCGCGTCGTTGGGGGCTAGGAAA,1,0.001
109,TTCGCCCCCTCCTCCACTCCAACGCTTCGTTGGGGGCCAGGAAA,1,0.001
110,ATCGCCTCTGCCCTCACCCCAATGCGCCCCTGGGGGXCGGGXXX,1,0.001
111,TTCGCCCCCGCCCTCACTCCAATGCGTCGTTGGGGGCCAGGTGC,1,0.001
112,TTTGCTCCCTCTCTCACTCCAGCTCGTCGTTGGGGACTAGAAAA,1,0.001
113,TTTGCTCCCGTTCTCACTCCAXCTCGTCGTTGGGGGCTAGGTGX,1,0.001
114,TTCGCTCCCGCTCTCACTCCAGCGCGTCGTTGGGGGCTAGAAAA,1,0.001
115,TTTGCTCCCGCTCTCACTCCAGCTCGTCGTTGGGGAXTAGGTXX,1,0.001
116,TTCGCCCCTTCCCTTGTTCCAACGCGTCGCTGGGGGCCAGGXXX,1,0.001
117,TTTGCTCCCGCTCTCACTCCAGCTCGTCGTTGGGGGCTAGGTGX,1,0.001
118,TTCGCTCCCGCTCTCACTTCAGCTCGTCGTTGGGGGCTAGGAAA,1,0.001
119,TTCGCCCCTGCCCTTGTTCCAACGCGTCGCTGGGGGCCAGAAAA,1,0.001
120,TTTGCTCCCGCTCTCACTCCAGCTCGTCGTTGGGGGXXAGGTGC,1,0.001
121,TTCGCTCCCGCTCTCACTTCAGCTCGTCGTTGGGGGCTAGXXXX,1,0.001
122,TTCGTTCCCGCTCTCACTCCAGCTCGTCGTTGGGGGCTAGGTGX,1,0.001
123,TTTGCTCCCGCTCTCACTCCAGCTCGTCGTTGGGGAXXAGXXXX,1,0.001
124,TTTGCTCCCGCTCTCACTCCAGCTCGTCGTTAGGGGCTAGGTGC,1,0.001
125,TTCGCCCCCGCCCTCACTCCAACGCGTCGTTGGGGGXCAGXXXX,1,0.001
126,TCTGCTCCCGCTCTCACTCCAGCTCGTTGTTGGGGGCTAGGXXA,1,0.001
127,TTTGCTCCCGCTCTCACTCCAGCTCGTTGTTGGGGGCTAGGTCC,1,0.001
128,TTCGCCCCTTCCCTCACTCCAACGCGTCGCTGGGGGCCAGGTGC,1,0.001
129,TTTGCTCCCGCTCTCACTCCAGCTCGTCGTTGGGGACTAGGAAA,1,0.001
130,TTCGCCCCCGCCCTCACTCCAACGCGTCGTTGGGGGXCAGGTGC,1,0.001
131,TTTGCTCCCGCTCTCACTCCAGCTCGTCGTTGGGGGXTAGGXXX,1,0.001
132,TTTGCTCCCGCTCTCACTCCAGCTCGTCGTTGGGGAXTAGGXXX,1,0.001
133,TTCGTTCCCGCTCTCACTCCAGCTCGTCGTTGGGGGXTAGXXXX,1,0.001
134,TTTGCTCTCGCTCTCACTCCAGCTCGTCGTTGGGGGCTAGGTGX,1,0.001
135,TTCGCCCCTGCCCTCACTCCAACGCGTCGCTGGGGGXCAAXXXX,1,0.001
136,TTCGTTCCCGCTCTXACTCCAGCTCGTCGTTGGGGGCTAGGTGC,1,0.001
137,TTTGCTCCCGCTCTCACTCCAGCTCGTCGTTGGGGGCTAGGTXC,1,0.001
138,ATCGCCTCTGCCCTCACTCCAATGCGCCCCTGGGGGCCAGGTGC,1,0.001
139,TTCGCCCCTTCCCTTGTTCCAACGCGTCGCTGGGGGCCAGGTGC,1,0.001
140,TTTGCTCCCGCTCTCACTCCAGCTCGTTGTTGGGGGXTAGGXXX,1,0.001
141,TTCGCTCCCGCTCTCACTCCAGCGCGTCGTTAACGGCTAGGTXA,1,0.001
142,TTCGTTCCCGCTCTCACTCCAGCTCGTCGTTGGGGGCTAGXXXX,1,0.001
143,TTCGCCCCCGCCCTCACTCCAACGCTTCGTTGGGGGCCAGGTGC,1,0.001
144,TTCGCCCCTGCCCTTGTTCCAACGCGTCGCTGGGGGXXAGXXXX,1,0.001
145,TCTGCTCCCGCTCTCACTCCAGCTCGTTGTTGGGGGXTAGXXXX,1,0.001
146,TTTGCTCCCGCTCTCACTCCAGCTCGTTGTTGGGGGCTAGGXXX,1,0.001
147,TTCGTTCCCGCTCTCACTCCAGCTCGTCGTTGGGGGTTAGXXXX,1,0.001
148,TTCGCTCCCGCTCTCACTCCAGCGCGTCGTTGGGGGCTAGGXXX,1,0.001
149,TTCGCTCCCGCTCTCACTCCAGCGCGTCGTTAACGGCTAGAAAA,1,0.001
150,TTCGCCCCCGCCCTCACTCCAACGCGTCGTTGGGGGCCAXXXXX,1,0.001
151,TTCGCTCCCGCTCTCACTTCAGCTCGTCGTTGGGGGCTAGGTGX,1,0.001
152,TTXGCCCCTGCCCTXGTTCCAXCGCGTCGCTGGGGGCXAGGTGC,1,0.001
153,TTCGCTCCCGCTCTCACTTCAGCTCGTCGTTGGGGGXTAGGTGC,1,0.001
154,TTCGCCCCCGCTCTCACTTCAGCTCGTCGTTGGGGGCTAGGTGC,1,0.001
155,TCTGCTCCCGCTCTCACTCCAGCTCGTTGTTGGGGGXTAGGTGC,1,0.001
156,TTTGCTCCCGTTCTCACTCCAGCTCGTCGTTGGGGGCTAGXXXX,1,0.001
157,TTTGCTCCCGTTCTCACTCCAGCTCGTCGTTGGGGGCTAGGXXX,1,0.001
158,TCTGCTCCCGCTCTCACTCCAGCTCGTTGTTGGGGGCTAGGTAA,1,0.001
159,TTCGCCCCCTCCTCCACTCCAACGCTTCGTTGGGGGCCAGGTXC,1,0.001
160,TTCGTCCCCGCTCTCACTCCAGCTCGTCGTTGGGGGCTAGGTGC,1,0.001
161,TTCGCCCCCTCCTCCACTCCAACGCTTCGTTGGGGGCCAGGTGX,1,0.001
162,TTCGCTCCCTCTCTCACTCCAGCGCGTCGTTGGGGGXTAGXXXX,1,0.001
163,TTCGCCCCTGCCCTTGTTCCAACGCGTCGCTGGGGGXCAGGTGX,1,0.001
164,TTCGCCCCCTCCTCCACTCCAACGCTTCGTTGGGGGXCAGGXXX,1,0.001
165,TTCGCCCCTGCCCTTGTTCCAACGCGTCGCTGGGGGCCAGTTCC,1,0.001
166,TTTGCTCCCGCTCTCACTCCAGTTCGTCGTTGGGGGCTAGGTGC,1,0.001
167,TTCGCCCCTGCCCTCACTCCAACGCGTCGCTGGGGGCCAGGTGC,1,0.001
168,TTCGCCCCCTCCCCCACTCCAACGCTTCGTTGGGGGCCAGGTGC,1,0.001
169,TTTGCTCCCGCTCTCACTCCAGCTCGTCGTTGGGGACTAGGTGA,1,0.001
170,TTTGCTCCCGCTCTCACTCCAGCTCGTCGTTGGGGGXTAGGTXC,1,0.001
171,TTTGCTCTCGCTCTCACTCCAGCTCGTCGTTGGGGGCTAGXXXX,1,0.001
172,TTTGCTCTCGCTCTCACTCCAGCTCGTCGTTGGGGGXTAGXXXX,1,0.001
173,TTCGCCCCTGCCCTTGTTTCAACGCGTCGCTGGGGGCCAGXXXX,1,0.001
174,ATCGCCTTTGCCCTCACCCCAATGCGCCCCTGGGGGXCGGXXXX,1,0.001
